{
  "promise_string": {
    "r": 0.36511456023651145,
    "p": 0.36788617886178865,
    "f": 0.3660927766288997
  },
  "evidence_string": {
    "r": 0.5463054187192118,
    "p": 0.5570470717022441,
    "f": 0.549193095922102
  },
  "promise_status": {
    "f": 0.8843428571428572
  },
  "verification_timeline": {
    "f": 0.716317947107932
  },
  "evidence_status": {
    "f": 0.7338308457711442
  },
  "evidence_quality": {
    "f": 0.6016009852216748
  }
}