{
  "promise_string": {
    "r": 0.4024390243902439,
    "p": 0.39634146341463417,
    "f": 0.39837398173441724
  },
  "evidence_string": {
    "r": 0.47231715652768286,
    "p": 0.4875730994152047,
    "f": 0.477440608492377
  },
  "promise_status": {
    "f": 0.8881142857142857
  },
  "verification_timeline": {
    "f": 0.6822253038583896
  },
  "evidence_status": {
    "f": 0.7461946063275785
  },
  "evidence_quality": {
    "f": 0.5509347138337648
  }
}