{
  "promise_string": {
    "r": 0.43209876543209874,
    "p": 0.4296296296296296,
    "f": 0.42940803830707547
  },
  "evidence_string": {
    "r": 0.5757794921247188,
    "p": 0.583190034009706,
    "f": 0.5789498662177679
  },
  "promise_status": {
    "f": 0.8677714285714285
  },
  "verification_timeline": {
    "f": 0.6372184876905284
  },
  "evidence_status": {
    "f": 0.7829656862745098
  },
  "evidence_quality": {
    "f": 0.4730734099322148
  }
}