{
  "promise_string": {
    "r": 0.22727272727272727,
    "p": 0.22727272727272727,
    "f": 0.22727272613636362
  },
  "evidence_string": {
    "r": 0.36363636363636365,
    "p": 0.36363636363636365,
    "f": 0.36363636181818176
  },
  "promise_status": {
    "f": 0.45454545454545453
  },
  "verification_timeline": {
    "f": 1.0
  },
  "evidence_status": {
    "f": 0.512987012987013
  },
  "evidence_quality": {
    "f": 1.0
  }
}