{
  "promise_string": {
    "r": 0.18181818181818182,
    "p": 0.18181818181818182,
    "f": 0.1818181809090909
  },
  "evidence_string": {
    "r": 0.22727272727272727,
    "p": 0.22727272727272727,
    "f": 0.22727272613636362
  },
  "promise_status": {
    "f": 0.3956333521550913
  },
  "verification_timeline": {
    "f": 0.0
  },
  "evidence_status": {
    "f": 0.3515151515151515
  },
  "evidence_quality": {
    "f": 1.0
  }
}