{
  "promise_status": {
    "f": 0.8368551013974992
  },
  "verification_timeline": {
    "f": 0.20106167466986793
  },
  "evidence_status": {
    "f": 0.8228070175438597
  },
  "evidence_quality": {
    "f": 0.9217638691322902
  }
}