{
  "promise_status": {
    "f": 0.843070397708494
  },
  "verification_timeline": {
    "f": 0.3302636979536105
  },
  "evidence_status": {
    "f": 0.8450198189795874
  },
  "evidence_quality": {
    "f": 0.8926664487305219
  }
}