{
  "promise_string": {
    "r": 0.24,
    "p": 0.24,
    "f": 0.2399999988000002
  },
  "evidence_string": {
    "r": 0.3175,
    "p": 0.31666666666666665,
    "f": 0.31699999840100046
  },
  "promise_status": {
    "f": 0.5892000000000001
  },
  "verification_timeline": {
    "f": 0.2969938338513018
  },
  "evidence_status": {
    "f": 0.5117580760430391
  },
  "evidence_quality": {
    "f": 0.6178821178821179
  }
}