{
  "promise_string": {
    "r": 0.19,
    "p": 0.19,
    "f": 0.18999999905000003
  },
  "evidence_string": {
    "r": 0.23,
    "p": 0.23,
    "f": 0.22999999885000016
  },
  "promise_status": {
    "f": 0.5297147581645308
  },
  "verification_timeline": {
    "f": 0.20183212546267326
  },
  "evidence_status": {
    "f": 0.12402344733340526
  },
  "evidence_quality": {
    "f": 0.5104120513956579
  }
}