{
  "promise_string": {
    "r": 0.44166666666666665,
    "p": 0.4666666666666667,
    "f": 0.4466666643933332
  },
  "evidence_string": {
    "r": 0.3,
    "p": 0.3,
    "f": 0.2999999985
  },
  "promise_status": {
    "f": 0.7450980392156862
  },
  "verification_timeline": {
    "f": 0.548148148148148
  },
  "evidence_status": {
    "f": 0.9312169312169313
  },
  "evidence_quality": {
    "f": 0.5121212121212121
  }
}