{
  "promise_string": {
    "r": 0.44166666666666665,
    "p": 0.4666666666666667,
    "f": 0.4466666643933332
  },
  "evidence_string": {
    "r": 0.3,
    "p": 0.3,
    "f": 0.2999999985
  },
  "promise_status": {
    "f": 0.7870264064293916
  },
  "verification_timeline": {
    "f": 0.5626262626262626
  },
  "evidence_status": {
    "f": 0.856060606060606
  },
  "evidence_quality": {
    "f": 0.5121212121212121
  }
}