{
  "promise_status": {
    "f": 0.855625717566016
  },
  "verification_timeline": {
    "f": 0.48910200523103753
  },
  "evidence_status": {
    "f": 0.8879239040529362
  },
  "evidence_quality": {
    "f": 0.42922824302134654
  }
}