{
  "promise_string": {
    "r": 0.475,
    "p": 0.5,
    "f": 0.4799999975599999
  },
  "evidence_string": {
    "r": 0.3,
    "p": 0.3,
    "f": 0.2999999985
  },
  "promise_status": {
    "f": 0.7450980392156862
  },
  "verification_timeline": {
    "f": 0.5242424242424242
  },
  "evidence_status": {
    "f": 0.8946648426812586
  },
  "evidence_quality": {
    "f": 0.5121212121212121
  }
}