{
  "promise_string": {
    "r": 0.375,
    "p": 0.4,
    "f": 0.3799999980599999
  },
  "evidence_string": {
    "r": 0.25,
    "p": 0.25,
    "f": 0.24999999874999998
  },
  "promise_status": {
    "f": 0.7450980392156862
  },
  "verification_timeline": {
    "f": 0.5446708463949843
  },
  "evidence_status": {
    "f": 0.856060606060606
  },
  "evidence_quality": {
    "f": 0.5121212121212121
  }
}