{
  "promise_string": {
    "r": 0.21973094170403587,
    "p": 0.2227204783258595,
    "f": 0.22010463264885421
  },
  "evidence_string": {
    "r": 0.28156883731943133,
    "p": 0.2783147493061814,
    "f": 0.27621684477293285
  },
  "promise_status": {
    "f": 0.4790419929396565
  },
  "verification_timeline": {
    "f": 0.5273504273504274
  },
  "evidence_status": {
    "f": 0.5149988331196533
  },
  "evidence_quality": {
    "f": 0.6497716894977169
  }
}