{
  "promise_string": {
    "r": 0.5714285714285714,
    "p": 0.5714285714285714,
    "f": 0.5714285685714284
  },
  "evidence_string": {
    "r": 0.5333333333333334,
    "p": 0.5333333333333334,
    "f": 0.5333333305833332
  },
  "promise_status": {
    "f": 1.0
  },
  "verification_timeline": {
    "f": 0.9313725490196079
  },
  "evidence_status": {
    "f": 0.8398268398268397
  },
  "evidence_quality": {
    "f": 0.6310344827586206
  }
}