{
  "promise_string": {
    "r": 0.5490196078431372,
    "p": 0.5450980392156862,
    "f": 0.5466666639043142
  },
  "evidence_string": {
    "r": 0.41964285714285715,
    "p": 0.41964285714285715,
    "f": 0.41964285499999987
  },
  "promise_status": {
    "f": 0.843956043956044
  },
  "verification_timeline": {
    "f": 0.7792549019607843
  },
  "evidence_status": {
    "f": 0.8629323239415122
  },
  "evidence_quality": {
    "f": 0.42349439775910364
  }
}