{
  "promise_string": {
    "r": 0.46274509803921565,
    "p": 0.4529411764705881,
    "f": 0.456470585891242
  },
  "evidence_string": {
    "r": 0.4090909090909091,
    "p": 0.4090909090909091,
    "f": 0.4090909069999999
  },
  "promise_status": {
    "f": 0.8249116039858566
  },
  "verification_timeline": {
    "f": 0.7094601908560033
  },
  "evidence_status": {
    "f": 0.7151255569755793
  },
  "evidence_quality": {
    "f": 0.49553894381480584
  }
}