{
  "promise_string": {
    "r": 0.5549019607843138,
    "p": 0.5490196078431372,
    "f": 0.5509803893398697
  },
  "evidence_string": {
    "r": 0.48214285714285715,
    "p": 0.48214285714285715,
    "f": 0.48214285473214274
  },
  "promise_status": {
    "f": 0.8615004361733063
  },
  "verification_timeline": {
    "f": 0.7398335654844815
  },
  "evidence_status": {
    "f": 0.8350954248366014
  },
  "evidence_quality": {
    "f": 0.5503663003663003
  }
}