{
  "promise_string": {
    "r": 0.596078431372549,
    "p": 0.596078431372549,
    "f": 0.5960784283725497
  },
  "evidence_string": {
    "r": 0.3821428571428571,
    "p": 0.3821428571428571,
    "f": 0.3821428551785714
  },
  "promise_status": {
    "f": 0.8777777777777778
  },
  "verification_timeline": {
    "f": 0.755590494262221
  },
  "evidence_status": {
    "f": 0.8764063002250081
  },
  "evidence_quality": {
    "f": 0.3990863787375415
  }
}