{
  "promise_string": {
    "r": 0.44246031746031744,
    "p": 0.44246031746031744,
    "f": 0.44246031519841283
  },
  "evidence_string": {
    "r": 0.3235294117647059,
    "p": 0.3235294117647059,
    "f": 0.32352941009803915
  },
  "promise_status": {
    "f": 0.869193934557063
  },
  "verification_timeline": {
    "f": 0.7487916487916488
  },
  "evidence_status": {
    "f": 0.8428766748701122
  },
  "evidence_quality": {
    "f": 0.6183713124889595
  }
}