{
  "promise_string": {
    "r": 0.0,
    "p": 0.0,
    "f": 0.0
  },
  "evidence_string": {
    "r": 0.0,
    "p": 0.0,
    "f": 0.0
  },
  "promise_status": {
    "f": 0.7735694822888283
  },
  "verification_timeline": {
    "f": 0.05282378306738568
  },
  "evidence_status": {
    "f": 0.5126619488296135
  },
  "evidence_quality": {
    "f": 0.41873638344226577
  }
}