{
  "promise_string": {
    "r": 0.09090909090909091,
    "p": 0.09090909090909091,
    "f": 0.09090909045454545
  },
  "evidence_string": {
    "r": 0.2,
    "p": 0.2,
    "f": 0.199999999
  },
  "promise_status": {
    "f": 0.2535885167464115
  },
  "verification_timeline": {
    "f": 0.0
  },
  "evidence_status": {
    "f": 0.4576076555023923
  },
  "evidence_quality": {
    "f": 0.5333333333333333
  }
}