{
  "promise_string": {
    "r": 0.5490196078431372,
    "p": 0.5490196078431372,
    "f": 0.5490196050784318
  },
  "evidence_string": {
    "r": 0.4818181818181818,
    "p": 0.4818181818181818,
    "f": 0.48181817936363625
  },
  "promise_status": {
    "f": 0.843956043956044
  },
  "verification_timeline": {
    "f": 0.7732834939996066
  },
  "evidence_status": {
    "f": 0.8516875602700098
  },
  "evidence_quality": {
    "f": 0.482420478072652
  }
}