{
  "promise_string": {
    "r": 0.38622440622440624,
    "p": 0.3808190008190008,
    "f": 0.38262080065383597
  },
  "evidence_string": {
    "r": 0.47491082251082245,
    "p": 0.47656161616161613,
    "f": 0.4751502510729942
  },
  "promise_status": {
    "f": 0.9298729106230142
  },
  "verification_timeline": {
    "f": 0.8099475274598609
  },
  "evidence_status": {
    "f": 0.7405689912802008
  },
  "evidence_quality": {
    "f": 0.4545454545454546
  }
}