{
  "promise_status": {
    "f": 0.8201806688886336
  },
  "verification_timeline": {
    "f": 0.4450149806048062
  },
  "evidence_status": {
    "f": 0.8294522130501119
  },
  "evidence_quality": {
    "f": 0.8990071153336459
  }
}