{
  "promise_status": {
    "f": 0.3333333333333333
  },
  "verification_timeline": {
    "f": 0.3333333333333333
  },
  "evidence_status": {
    "f": 0.5333333333333333
  },
  "evidence_quality": {
    "f": 0.6428571428571428
  }
}