{
  "promise_string": {
    "r": 0.00392156862745098,
    "p": 0.004901960784313725,
    "f": 0.00431372543254902
  },
  "evidence_string": {
    "r": 0.0,
    "p": 0.0,
    "f": 0.0
  },
  "promise_status": {
    "f": 0.7785907859078591
  },
  "verification_timeline": {
    "f": 0.52860356658074
  },
  "evidence_status": {
    "f": 0.6789561523289334
  },
  "evidence_quality": {
    "f": 0.4096479937321619
  }
}