{
  "promise_string": {
    "r": 0.5137254901960784,
    "p": 0.503921568627451,
    "f": 0.5074509778128108
  },
  "evidence_string": {
    "r": 0.42727272727272725,
    "p": 0.42727272727272725,
    "f": 0.42727272509090897
  },
  "promise_status": {
    "f": 0.8615004361733063
  },
  "verification_timeline": {
    "f": 0.7687521035114618
  },
  "evidence_status": {
    "f": 0.8516875602700098
  },
  "evidence_quality": {
    "f": 0.482420478072652
  }
}