{
  "promise_string": {
    "r": 0.375,
    "p": 0.4,
    "f": 0.3799999980599999
  },
  "evidence_string": {
    "r": 0.2631578947368421,
    "p": 0.2631578947368421,
    "f": 0.2631578934210526
  },
  "promise_status": {
    "f": 0.6976284584980237
  },
  "verification_timeline": {
    "f": 0.6436044798113764
  },
  "evidence_status": {
    "f": 0.8624338624338624
  },
  "evidence_quality": {
    "f": 0.555921052631579
  }
}