{
  "promise_string": {
    "r": 0.5254901960784314,
    "p": 0.5196078431372548,
    "f": 0.5215686248104578
  },
  "evidence_string": {
    "r": 0.4649122807017544,
    "p": 0.4649122807017544,
    "f": 0.4649122783333332
  },
  "promise_status": {
    "f": 0.8249116039858566
  },
  "verification_timeline": {
    "f": 0.7811218359573294
  },
  "evidence_status": {
    "f": 0.8168504901960784
  },
  "evidence_quality": {
    "f": 0.4781397939292676
  }
}