{
  "promise_string": {
    "r": 0.501984126984127,
    "p": 0.501984126984127,
    "f": 0.5019841244246035
  },
  "evidence_string": {
    "r": 0.43431372549019603,
    "p": 0.43594771241830066,
    "f": 0.43501400334933965
  },
  "promise_status": {
    "f": 0.8840653728294179
  },
  "verification_timeline": {
    "f": 0.7798473456368193
  },
  "evidence_status": {
    "f": 0.8297966401414676
  },
  "evidence_quality": {
    "f": 0.6193771626297577
  }
}