{
  "promise_string": {
    "r": 0.22916666666666669,
    "p": 0.2256578947368421,
    "f": 0.2261363624524793
  },
  "evidence_string": {
    "r": 0.33333333333333337,
    "p": 0.3375,
    "f": 0.33499999825499993
  },
  "promise_status": {
    "f": 0.6759999999999999
  },
  "verification_timeline": {
    "f": 0.3588516746411483
  },
  "evidence_status": {
    "f": 0.5601503759398496
  },
  "evidence_quality": {
    "f": 0.5333333333333334
  }
}