{
  "promise_string": {
    "r": 0.5784313725490196,
    "p": 0.5784313725490196,
    "f": 0.5784313696078437
  },
  "evidence_string": {
    "r": 0.3403508771929824,
    "p": 0.34327485380116957,
    "f": 0.34160400827246684
  },
  "promise_status": {
    "f": 0.7810810810810811
  },
  "verification_timeline": {
    "f": 0.77894419306184
  },
  "evidence_status": {
    "f": 0.8604653594771242
  },
  "evidence_quality": {
    "f": 0.38317384370015956
  }
}