{
  "promise_string": {
    "r": 0.5198412698412698,
    "p": 0.5138888888888888,
    "f": 0.5158730132605823
  },
  "evidence_string": {
    "r": 0.4537037037037037,
    "p": 0.4537037037037037,
    "f": 0.45370370138888877
  },
  "promise_status": {
    "f": 0.8533333333333333
  },
  "verification_timeline": {
    "f": 0.7860412871888282
  },
  "evidence_status": {
    "f": 0.8361760740870994
  },
  "evidence_quality": {
    "f": 0.47413691528219626
  }
}