{
  "promise_string": {
    "r": 0.19236824093086924,
    "p": 0.19459274469541407,
    "f": 0.19218768805350006
  },
  "evidence_string": {
    "r": 0.23499440972862315,
    "p": 0.23656367508568762,
    "f": 0.23365601738492628
  },
  "promise_status": {
    "f": 0.5803308627965531
  },
  "verification_timeline": {
    "f": 0.465408704570789
  },
  "evidence_status": {
    "f": 0.5035151461994111
  },
  "evidence_quality": {
    "f": 0.5922581189549516
  }
}