{
  "promise_string": {
    "r": 0.00196078431372549,
    "p": 0.0029411764705882353,
    "f": 0.0023529411482352946
  },
  "evidence_string": {
    "r": 0.0,
    "p": 0.0,
    "f": 0.0
  },
  "promise_status": {
    "f": 0.7760869565217391
  },
  "verification_timeline": {
    "f": 0.38463813182123036
  },
  "evidence_status": {
    "f": 0.7116971041702224
  },
  "evidence_quality": {
    "f": 0.4552944552944553
  }
}