{
  "promise_string": {
    "r": 0.00196078431372549,
    "p": 0.0029411764705882353,
    "f": 0.0023529411482352946
  },
  "evidence_string": {
    "r": 0.0,
    "p": 0.0,
    "f": 0.0
  },
  "promise_status": {
    "f": 0.7785907859078591
  },
  "verification_timeline": {
    "f": 0.16313200782683182
  },
  "evidence_status": {
    "f": 0.6117659480931116
  },
  "evidence_quality": {
    "f": 0.4063424947145877
  }
}