{
  "promise_string": {
    "r": 0.5725490196078431,
    "p": 0.5627450980392157,
    "f": 0.566274506930458
  },
  "evidence_string": {
    "r": 0.5267857142857143,
    "p": 0.5267857142857143,
    "f": 0.5267857116071427
  },
  "promise_status": {
    "f": 0.843956043956044
  },
  "verification_timeline": {
    "f": 0.7751061158954896
  },
  "evidence_status": {
    "f": 0.8491708604900586
  },
  "evidence_quality": {
    "f": 0.5349561233707575
  }
}