{
  "promise_string": {
    "r": 0.584313725490196,
    "p": 0.5745098039215686,
    "f": 0.5780392127539874
  },
  "evidence_string": {
    "r": 0.4732142857142857,
    "p": 0.4732142857142857,
    "f": 0.4732142833035713
  },
  "promise_status": {
    "f": 0.8040760869565218
  },
  "verification_timeline": {
    "f": 0.7791544715447154
  },
  "evidence_status": {
    "f": 0.8764063002250081
  },
  "evidence_quality": {
    "f": 0.4714455782312926
  }
}