{
  "promise_string": {
    "r": 0.44246031746031744,
    "p": 0.43650793650793646,
    "f": 0.43849206123677253
  },
  "evidence_string": {
    "r": 0.3346153846153846,
    "p": 0.3346153846153846,
    "f": 0.33461538288461534
  },
  "promise_status": {
    "f": 0.869193934557063
  },
  "verification_timeline": {
    "f": 0.747041547041547
  },
  "evidence_status": {
    "f": 0.8409586056644879
  },
  "evidence_quality": {
    "f": 0.5732380364733306
  }
}