{
  "promise_string": {
    "r": 0.5607843137254902,
    "p": 0.5607843137254902,
    "f": 0.5607843109019612
  },
  "evidence_string": {
    "r": 0.5087719298245614,
    "p": 0.5087719298245614,
    "f": 0.5087719272807016
  },
  "promise_status": {
    "f": 0.843956043956044
  },
  "verification_timeline": {
    "f": 0.7353678775585469
  },
  "evidence_status": {
    "f": 0.8604653594771242
  },
  "evidence_quality": {
    "f": 0.5668893596219652
  }
}