{
  "promise_string": {
    "r": 0.5607843137254902,
    "p": 0.5607843137254902,
    "f": 0.5607843109019612
  },
  "evidence_string": {
    "r": 0.48928571428571427,
    "p": 0.48928571428571427,
    "f": 0.4892857117857142
  },
  "promise_status": {
    "f": 0.843956043956044
  },
  "verification_timeline": {
    "f": 0.7713374780806631
  },
  "evidence_status": {
    "f": 0.8350954248366014
  },
  "evidence_quality": {
    "f": 0.39381469979296063
  }
}