{
  "promise_string": {
    "r": 0.16642105263157894,
    "p": 0.16877192982456138,
    "f": 0.16629487378194902
  },
  "evidence_string": {
    "r": 0.21124775882626393,
    "p": 0.21362462933891507,
    "f": 0.21023770335461547
  },
  "promise_status": {
    "f": 0.5779878275385186
  },
  "verification_timeline": {
    "f": 0.4648676309046575
  },
  "evidence_status": {
    "f": 0.48682657968510556
  },
  "evidence_quality": {
    "f": 0.6571102186015589
  }
}