{
  "promise_string": {
    "r": 0.6666666666666666,
    "p": 0.6666666666666666,
    "f": 0.6666666633333334
  },
  "evidence_string": {
    "r": 1.0,
    "p": 1.0,
    "f": 0.999999995
  },
  "promise_status": {
    "f": 1.0
  },
  "verification_timeline": {
    "f": 1.0
  },
  "evidence_status": {
    "f": 0.6666666666666666
  },
  "evidence_quality": {
    "f": 1.0
  }
}