{
  "promise_string": {
    "r": 0.5490196078431372,
    "p": 0.5392156862745098,
    "f": 0.5427450952833991
  },
  "evidence_string": {
    "r": 0.4618181818181818,
    "p": 0.4618181818181818,
    "f": 0.46181817945454534
  },
  "promise_status": {
    "f": 0.7810810810810811
  },
  "verification_timeline": {
    "f": 0.7591156318429045
  },
  "evidence_status": {
    "f": 0.8380109282945145
  },
  "evidence_quality": {
    "f": 0.44583373845405927
  }
}