{
  "promise_string": {
    "r": 0.4509803921568627,
    "p": 0.4411764705882352,
    "f": 0.44470588006771256
  },
  "evidence_string": {
    "r": 0.4375,
    "p": 0.4375,
    "f": 0.43749999776785703
  },
  "promise_status": {
    "f": 0.8249116039858566
  },
  "verification_timeline": {
    "f": 0.7106566273232939
  },
  "evidence_status": {
    "f": 0.6692810457516339
  },
  "evidence_quality": {
    "f": 0.3944991789819376
  }
}