{
  "promise_string": {
    "r": 0.5372549019607843,
    "p": 0.5215686274509803,
    "f": 0.5270588208389546
  },
  "evidence_string": {
    "r": 0.43571428571428567,
    "p": 0.43571428571428567,
    "f": 0.43571428348214275
  },
  "promise_status": {
    "f": 0.8249116039858566
  },
  "verification_timeline": {
    "f": 0.7733828480887306
  },
  "evidence_status": {
    "f": 0.8350954248366014
  },
  "evidence_quality": {
    "f": 0.43324786942077137
  }
}