{
  "promise_string": {
    "r": 0.5490196078431372,
    "p": 0.5450980392156862,
    "f": 0.5466666639043142
  },
  "evidence_string": {
    "r": 0.42727272727272725,
    "p": 0.42727272727272725,
    "f": 0.42727272509090897
  },
  "promise_status": {
    "f": 0.7810810810810811
  },
  "verification_timeline": {
    "f": 0.7863037026224882
  },
  "evidence_status": {
    "f": 0.824032670571735
  },
  "evidence_quality": {
    "f": 0.44583373845405927
  }
}