{
  "promise_string": {
    "r": 0.5607843137254902,
    "p": 0.5607843137254902,
    "f": 0.5607843109019612
  },
  "evidence_string": {
    "r": 0.4649122807017544,
    "p": 0.4649122807017544,
    "f": 0.4649122783333332
  },
  "promise_status": {
    "f": 0.8777777777777778
  },
  "verification_timeline": {
    "f": 0.7258396388427348
  },
  "evidence_status": {
    "f": 0.9141468157510938
  },
  "evidence_quality": {
    "f": 0.5986087024298993
  }
}