{
  "promise_string": {
    "r": 0.5674603174603174,
    "p": 0.5575396825396824,
    "f": 0.5611111082629634
  },
  "evidence_string": {
    "r": 0.41964285714285715,
    "p": 0.41964285714285715,
    "f": 0.41964285499999987
  },
  "promise_status": {
    "f": 0.8363186972957254
  },
  "verification_timeline": {
    "f": 0.7886600129428296
  },
  "evidence_status": {
    "f": 0.8588979223125565
  },
  "evidence_quality": {
    "f": 0.4155102040816327
  }
}