{
  "promise_string": {
    "r": 0.0,
    "p": 0.0,
    "f": 0.0
  },
  "evidence_string": {
    "r": 0.0,
    "p": 0.0,
    "f": 0.0
  },
  "promise_status": {
    "f": 0.7705731941189005
  },
  "verification_timeline": {
    "f": 0.07697009780343113
  },
  "evidence_status": {
    "f": 0.5656571639158704
  },
  "evidence_quality": {
    "f": 0.41873638344226577
  }
}