{
  "promise_string": {
    "r": 0.5490196078431372,
    "p": 0.5392156862745098,
    "f": 0.5427450952833991
  },
  "evidence_string": {
    "r": 0.49107142857142855,
    "p": 0.49107142857142855,
    "f": 0.49107142607142845
  },
  "promise_status": {
    "f": 0.8040760869565218
  },
  "verification_timeline": {
    "f": 0.7670927663122785
  },
  "evidence_status": {
    "f": 0.8350954248366014
  },
  "evidence_quality": {
    "f": 0.3990863787375415
  }
}