{
  "promise_string": {
    "r": 0.5549019607843138,
    "p": 0.5549019607843138,
    "f": 0.5549019579607848
  },
  "evidence_string": {
    "r": 0.4732142857142857,
    "p": 0.4732142857142857,
    "f": 0.4732142833035713
  },
  "promise_status": {
    "f": 0.8249116039858566
  },
  "verification_timeline": {
    "f": 0.7406396657023464
  },
  "evidence_status": {
    "f": 0.8491708604900586
  },
  "evidence_quality": {
    "f": 0.4714455782312926
  }
}