{
  "promise_string": {
    "r": 0.46078431372549017,
    "p": 0.46078431372549017,
    "f": 0.4607843113725492
  },
  "evidence_string": {
    "r": 0.34912280701754383,
    "p": 0.34912280701754383,
    "f": 0.34912280526315786
  },
  "promise_status": {
    "f": 0.8249116039858566
  },
  "verification_timeline": {
    "f": 0.7447003477805617
  },
  "evidence_status": {
    "f": 0.8168504901960784
  },
  "evidence_quality": {
    "f": 0.5281385281385281
  }
}