{
  "promise_string": {
    "r": 0.43529411764705883,
    "p": 0.4235294117647059,
    "f": 0.4277124160807844
  },
  "evidence_string": {
    "r": 0.4089285714285714,
    "p": 0.4160714285714286,
    "f": 0.41130952167658724
  },
  "promise_status": {
    "f": 0.8249116039858566
  },
  "verification_timeline": {
    "f": 0.7189573711312841
  },
  "evidence_status": {
    "f": 0.6491349480968858
  },
  "evidence_quality": {
    "f": 0.3944991789819376
  }
}