{
  "promise_string": {
    "r": 0.5607843137254902,
    "p": 0.5568627450980391,
    "f": 0.5584313697278437
  },
  "evidence_string": {
    "r": 0.45535714285714285,
    "p": 0.45535714285714285,
    "f": 0.45535714053571413
  },
  "promise_status": {
    "f": 0.8249116039858566
  },
  "verification_timeline": {
    "f": 0.747093403965714
  },
  "evidence_status": {
    "f": 0.8764063002250081
  },
  "evidence_quality": {
    "f": 0.4692577030812325
  }
}