{
  "promise_string": {
    "r": 0.09090909090909091,
    "p": 0.09090909090909091,
    "f": 0.09090909045454545
  },
  "evidence_string": {
    "r": 0.3181818181818182,
    "p": 0.3181818181818182,
    "f": 0.31818181659090905
  },
  "promise_status": {
    "f": 0.2535885167464115
  },
  "verification_timeline": {
    "f": 0.0
  },
  "evidence_status": {
    "f": 0.5104895104895104
  },
  "evidence_quality": {
    "f": 0.5333333333333333
  }
}