{
  "promise_string": {
    "r": 0.5254901960784314,
    "p": 0.5215686274509803,
    "f": 0.5231372522572553
  },
  "evidence_string": {
    "r": 0.4090909090909091,
    "p": 0.4090909090909091,
    "f": 0.4090909069999999
  },
  "promise_status": {
    "f": 0.8040760869565218
  },
  "verification_timeline": {
    "f": 0.7665809493196185
  },
  "evidence_status": {
    "f": 0.8380109282945145
  },
  "evidence_quality": {
    "f": 0.4063424947145877
  }
}