{
  "promise_string": {
    "r": 0.5137254901960784,
    "p": 0.5078431372549019,
    "f": 0.5098039189869283
  },
  "evidence_string": {
    "r": 0.4732142857142857,
    "p": 0.4732142857142857,
    "f": 0.4732142833035713
  },
  "promise_status": {
    "f": 0.8040760869565218
  },
  "verification_timeline": {
    "f": 0.7570513530633172
  },
  "evidence_status": {
    "f": 0.8491708604900586
  },
  "evidence_quality": {
    "f": 0.4692577030812325
  }
}