{
  "promise_status": {
    "f": 0.6591970121381886
  },
  "verification_timeline": {
    "f": 0.9473684210526315
  },
  "evidence_status": {
    "f": 0.6443452380952381
  },
  "evidence_quality": {
    "f": 0.2857142857142857
  }
}