{
    "promise_status": 0.4427333974975938,
    "verification_timeline": 0.2762536541488645,
    "evidence_status": 0.5452911215419953,
    "evidence_quality": 0.14064182640534129
}