{
    "promise_status": 0.24000656652712793,
    "verification_timeline": 0.24886333244182934,
    "evidence_status": 0.5357431015007261,
    "evidence_quality": 0.09433962264150941
}