{
  "promise_string": {
    "r": 0.496078431372549,
    "p": 0.49019607843137253,
    "f": 0.49215686022222244
  },
  "evidence_string": {
    "r": 0.32857142857142857,
    "p": 0.32857142857142857,
    "f": 0.3285714268749999
  },
  "promise_status": {
    "f": 0.8040760869565218
  },
  "verification_timeline": {
    "f": 0.7300671063731881
  },
  "evidence_status": {
    "f": 0.8206773618538323
  },
  "evidence_quality": {
    "f": 0.3944991789819376
  }
}