{
  "promise_string": {
    "r": 0.5490196078431372,
    "p": 0.5490196078431372,
    "f": 0.5490196050784318
  },
  "evidence_string": {
    "r": 0.4732142857142857,
    "p": 0.4732142857142857,
    "f": 0.4732142833035713
  },
  "promise_status": {
    "f": 0.843956043956044
  },
  "verification_timeline": {
    "f": 0.7131932773109243
  },
  "evidence_status": {
    "f": 0.8629323239415122
  },
  "evidence_quality": {
    "f": 0.5488486474401968
  }
}