{
  "promise_string": {
    "r": 0.5490196078431372,
    "p": 0.5392156862745098,
    "f": 0.5427450952833991
  },
  "evidence_string": {
    "r": 0.4732142857142857,
    "p": 0.4732142857142857,
    "f": 0.4732142833035713
  },
  "promise_status": {
    "f": 0.8249116039858566
  },
  "verification_timeline": {
    "f": 0.7835937324707378
  },
  "evidence_status": {
    "f": 0.8350954248366014
  },
  "evidence_quality": {
    "f": 0.3944991789819376
  }
}