{
  "promise_string": {
    "r": 0.16161616161616163,
    "p": 0.16559829059829062,
    "f": 0.16288874428956546
  },
  "evidence_string": {
    "r": 0.14012113617376776,
    "p": 0.14415204678362573,
    "f": 0.13810632563687925
  },
  "promise_status": {
    "f": 0.8966866267465069
  },
  "verification_timeline": {
    "f": 0.5936858146160471
  },
  "evidence_status": {
    "f": 0.6170940170940171
  },
  "evidence_quality": {
    "f": 0.485905775675143
  }
}