{
  "promise_string": {
    "r": 0.21279761904761904,
    "p": 0.21180555555555555,
    "f": 0.2111441787283084
  },
  "evidence_string": {
    "r": 0.139983164983165,
    "p": 0.13843995510662174,
    "f": 0.13587359053176093
  },
  "promise_status": {
    "f": 0.8417543859649121
  },
  "verification_timeline": {
    "f": 0.6462409531492979
  },
  "evidence_status": {
    "f": 0.6428571428571428
  },
  "evidence_quality": {
    "f": 0.5244956338452273
  }
}