{
  "promise_string": {
    "r": 0.11747967479674797,
    "p": 0.11951219512195123,
    "f": 0.11829268225853656
  },
  "evidence_string": {
    "r": 0.18430797074864871,
    "p": 0.18485949079169414,
    "f": 0.18342688268183122
  },
  "promise_status": {
    "f": 0.8994285714285714
  },
  "verification_timeline": {
    "f": 0.6951170478694453
  },
  "evidence_status": {
    "f": 0.602144957619789
  },
  "evidence_quality": {
    "f": 0.4134119380987472
  }
}