{
  "promise_string": {
    "r": 0.21643518518518517,
    "p": 0.21643518518518517,
    "f": 0.21643518400462958
  },
  "evidence_string": {
    "r": 0.18499274709883953,
    "p": 0.1904761904761905,
    "f": 0.1845496883082418
  },
  "promise_status": {
    "f": 0.8005811481218994
  },
  "verification_timeline": {
    "f": 0.5655689626277861
  },
  "evidence_status": {
    "f": 0.6805555555555556
  },
  "evidence_quality": {
    "f": 0.34673721340388003
  }
}