{
  "promise_string": {
    "r": 0.18750000000000003,
    "p": 0.18541666666666667,
    "f": 0.18611111005555553
  },
  "evidence_string": {
    "r": 0.0779840848806366,
    "p": 0.07625994694960211,
    "f": 0.07539787739830903
  },
  "promise_status": {
    "f": 0.8737400530503979
  },
  "verification_timeline": {
    "f": 0.5713525835866261
  },
  "evidence_status": {
    "f": 0.6094202898550725
  },
  "evidence_quality": {
    "f": 0.5241379310344828
  }
}