{
  "promise_string": {
    "r": 0.6019607843137255,
    "p": 0.6019607843137255,
    "f": 0.6019607812549026
  },
  "evidence_string": {
    "r": 0.3241071428571428,
    "p": 0.32559523809523805,
    "f": 0.3247448962645772
  },
  "promise_status": {
    "f": 0.8777777777777778
  },
  "verification_timeline": {
    "f": 0.7680392156862745
  },
  "evidence_status": {
    "f": 0.8896173345371207
  },
  "evidence_quality": {
    "f": 0.5618788819875776
  }
}