{
  "promise_string": {
    "r": 0.5666666666666667,
    "p": 0.5666666666666667,
    "f": 0.5666666637843143
  },
  "evidence_string": {
    "r": 0.2894736842105263,
    "p": 0.2894736842105263,
    "f": 0.2894736827192982
  },
  "promise_status": {
    "f": 0.8777777777777778
  },
  "verification_timeline": {
    "f": 0.7786082276047673
  },
  "evidence_status": {
    "f": 0.9011250401800065
  },
  "evidence_quality": {
    "f": 0.6049880799559875
  }
}