{
  "promise_string": {
    "r": 0.38571428571428573,
    "p": 0.38571428571428573,
    "f": 0.38571428378571415
  },
  "evidence_string": {
    "r": 0.3350340136054421,
    "p": 0.3333333333333333,
    "f": 0.33055040017465936
  },
  "promise_status": {
    "f": 0.8357938334100322
  },
  "verification_timeline": {
    "f": 0.6245890588540316
  },
  "evidence_status": {
    "f": 0.6403257759189962
  },
  "evidence_quality": {
    "f": 0.5052640103660512
  }
}