{
  "promise_string": {
    "r": 0.3333333333333333,
    "p": 0.3333333333333333,
    "f": 0.3333333316666666
  },
  "evidence_string": {
    "r": 0.47912087912087914,
    "p": 0.475,
    "f": 0.47692307423247865
  },
  "promise_status": {
    "f": 0.8888888888888888
  },
  "verification_timeline": {
    "f": 0.7666666666666667
  },
  "evidence_status": {
    "f": 0.8047619047619048
  },
  "evidence_quality": {
    "f": 0.7032967032967032
  }
}