{
  "promise_string": {
    "r": 0.6,
    "p": 0.6,
    "f": 0.5999999969999998
  },
  "evidence_string": {
    "r": 0.5137254901960785,
    "p": 0.5282051282051282,
    "f": 0.5199999973392592
  },
  "promise_status": {
    "f": 0.9397849462365591
  },
  "verification_timeline": {
    "f": 0.6442105263157896
  },
  "evidence_status": {
    "f": 1.0
  },
  "evidence_quality": {
    "f": 0.7897435897435898
  }
}