{
  "promise_string": {
    "r": 0.38461538461538464,
    "p": 0.38461538461538464,
    "f": 0.38461538269230766
  },
  "evidence_string": {
    "r": 0.20833333333333334,
    "p": 0.20833333333333334,
    "f": 0.20833333208333335
  },
  "promise_status": {
    "f": 0.9423868312757201
  },
  "verification_timeline": {
    "f": 0.6025641025641025
  },
  "evidence_status": {
    "f": 0.8861538461538461
  },
  "evidence_quality": {
    "f": 0.49122807017543857
  }
}