{
  "promise_string": {
    "r": 0.46875,
    "p": 0.46875,
    "f": 0.4687499974999999
  },
  "evidence_string": {
    "r": 0.4423076923076923,
    "p": 0.4423076923076923,
    "f": 0.4423076899999999
  },
  "promise_status": {
    "f": 1.0
  },
  "verification_timeline": {
    "f": 0.6714285714285714
  },
  "evidence_status": {
    "f": 0.7844827586206897
  },
  "evidence_quality": {
    "f": 0.6923076923076923
  }
}