{
  "promise_string": {
    "r": 0.5607843137254902,
    "p": 0.5568627450980391,
    "f": 0.5584313697278437
  },
  "evidence_string": {
    "r": 0.4732142857142857,
    "p": 0.4732142857142857,
    "f": 0.4732142833035713
  },
  "promise_status": {
    "f": 0.843956043956044
  },
  "verification_timeline": {
    "f": 0.7766165127714626
  },
  "evidence_status": {
    "f": 0.8629323239415122
  },
  "evidence_quality": {
    "f": 0.502874149659864
  }
}