{
  "promise_string": {
    "r": 0.1649454962707975,
    "p": 0.1629374641422834,
    "f": 0.16360680728820037
  },
  "evidence_string": {
    "r": 0.16339285714285715,
    "p": 0.16339285714285715,
    "f": 0.16339285624999997
  },
  "promise_status": {
    "f": 0.828888888888889
  },
  "verification_timeline": {
    "f": 0.665788460969184
  },
  "evidence_status": {
    "f": 0.5436421946779925
  },
  "evidence_quality": {
    "f": 0.42349439775910364
  }
}