{
  "promise_string": {
    "r": 0.23691945914168136,
    "p": 0.21840094062316284,
    "f": 0.2248481273403096
  },
  "evidence_string": {
    "r": 0.3709090909090909,
    "p": 0.36942148760330573,
    "f": 0.37012986822098526
  },
  "promise_status": {
    "f": 0.8301400147383936
  },
  "verification_timeline": {
    "f": 0.7017156044933822
  },
  "evidence_status": {
    "f": 0.6280003969054181
  },
  "evidence_quality": {
    "f": 0.4828800828800829
  }
}