{
  "promise_string": {
    "r": 0.5254901960784314,
    "p": 0.5156862745098039,
    "f": 0.5192156836363403
  },
  "evidence_string": {
    "r": 0.44545454545454544,
    "p": 0.44545454545454544,
    "f": 0.44545454318181804
  },
  "promise_status": {
    "f": 0.843956043956044
  },
  "verification_timeline": {
    "f": 0.8005346826902804
  },
  "evidence_status": {
    "f": 0.8380109282945145
  },
  "evidence_quality": {
    "f": 0.44583373845405927
  }
}