{
  "promise_string": {
    "r": 0.4176470588235294,
    "p": 0.4156862745098039,
    "f": 0.41633986711111115
  },
  "evidence_string": {
    "r": 0.3140350877192982,
    "p": 0.32105263157894737,
    "f": 0.31637426734892776
  },
  "promise_status": {
    "f": 0.8249116039858566
  },
  "verification_timeline": {
    "f": 0.7013542736434303
  },
  "evidence_status": {
    "f": 0.6980392156862746
  },
  "evidence_quality": {
    "f": 0.38317384370015956
  }
}