{
  "promise_string": {
    "r": 0.5607843137254902,
    "p": 0.5607843137254902,
    "f": 0.5607843109019612
  },
  "evidence_string": {
    "r": 0.4473684210526316,
    "p": 0.4473684210526316,
    "f": 0.4473684187719297
  },
  "promise_status": {
    "f": 0.8777777777777778
  },
  "verification_timeline": {
    "f": 0.7311546840958605
  },
  "evidence_status": {
    "f": 0.9269411764705882
  },
  "evidence_quality": {
    "f": 0.5739818766134556
  }
}