{
  "promise_string": {
    "r": 0.289580588493632,
    "p": 0.29710144927536236,
    "f": 0.29186457026485496
  },
  "evidence_string": {
    "r": 0.3793214285714286,
    "p": 0.4077619047619047,
    "f": 0.388050961279841
  },
  "promise_status": {
    "f": 0.8147077772664519
  },
  "verification_timeline": {
    "f": 0.6955175329466445
  },
  "evidence_status": {
    "f": 0.7793151212004618
  },
  "evidence_quality": {
    "f": 0.486984126984127
  }
}