{
  "promise_string": {
    "r": 0.3800149381135297,
    "p": 0.3873239436619718,
    "f": 0.38223458187711257
  },
  "evidence_string": {
    "r": 0.38671016483516485,
    "p": 0.4140567765567766,
    "f": 0.39510394618940753
  },
  "promise_status": {
    "f": 0.8201429499675115
  },
  "verification_timeline": {
    "f": 0.6887611698525299
  },
  "evidence_status": {
    "f": 0.7331559690624566
  },
  "evidence_quality": {
    "f": 0.5697890818858561
  }
}