{
  "promise_string": {
    "r": 0.42857142857142855,
    "p": 0.43246753246753245,
    "f": 0.4300699278655959
  },
  "evidence_string": {
    "r": 0.4071637426900584,
    "p": 0.4122807017543859,
    "f": 0.40927318068199053
  },
  "promise_status": {
    "f": 0.8487843137254901
  },
  "verification_timeline": {
    "f": 0.6853895453374517
  },
  "evidence_status": {
    "f": 0.6953955135773318
  },
  "evidence_quality": {
    "f": 0.37562043962579195
  }
}