{
  "promise_string": {
    "r": 0.30864197530864196,
    "p": 0.3004115226337448,
    "f": 0.3031550052674896
  },
  "evidence_string": {
    "r": 0.18455743879472694,
    "p": 0.19868173258003768,
    "f": 0.18891579115046023
  },
  "promise_status": {
    "f": 0.8811428571428571
  },
  "verification_timeline": {
    "f": 0.6478189300411523
  },
  "evidence_status": {
    "f": 0.7823581943364157
  },
  "evidence_quality": {
    "f": 0.43142865169631994
  }
}