{
  "promise_string": {
    "r": 0.5254901960784314,
    "p": 0.5156862745098039,
    "f": 0.5192156836363402
  },
  "evidence_string": {
    "r": 0.4351851851851852,
    "p": 0.4351851851851852,
    "f": 0.4351851829629628
  },
  "promise_status": {
    "f": 0.8249116039858566
  },
  "verification_timeline": {
    "f": 0.7832868316725597
  },
  "evidence_status": {
    "f": 0.8538823529411766
  },
  "evidence_quality": {
    "f": 0.45899470899470907
  }
}