{
  "promise_string": {
    "r": 0.5428051001821494,
    "p": 0.5373406193078325,
    "f": 0.5389799607914993
  },
  "evidence_string": {
    "r": 0.6329895594601476,
    "p": 0.6308887191240131,
    "f": 0.6310887958842416
  },
  "promise_status": {
    "f": 0.9402482269503545
  },
  "verification_timeline": {
    "f": 0.7831466893761975
  },
  "evidence_status": {
    "f": 0.784814604783285
  },
  "evidence_quality": {
    "f": 0.6153793003482563
  }
}