{
  "promise_string": {
    "r": 0.5209471766848817,
    "p": 0.5163934426229508,
    "f": 0.5176684854898601
  },
  "evidence_string": {
    "r": 0.635090399796282,
    "p": 0.6329895594601476,
    "f": 0.633189636220376
  },
  "promise_status": {
    "f": 0.9402482269503545
  },
  "verification_timeline": {
    "f": 0.7806033326130266
  },
  "evidence_status": {
    "f": 0.7777450964336211
  },
  "evidence_quality": {
    "f": 0.6244113758731582
  }
}