{
  "promise_string": {
    "r": 0.4527050458502071,
    "p": 0.45551482567611606,
    "f": 0.45273704554470184
  },
  "evidence_string": {
    "r": 0.6341132869979023,
    "p": 0.6389363722697056,
    "f": 0.6355242141660392
  },
  "promise_status": {
    "f": 0.9661471861471861
  },
  "verification_timeline": {
    "f": 0.8172436264761072
  },
  "evidence_status": {
    "f": 0.7666992505702184
  },
  "evidence_quality": {
    "f": 0.6843860088893202
  }
}