{
  "promise_string": {
    "r": 0.47775718257645966,
    "p": 0.47786144578313244,
    "f": 0.4768598177718818
  },
  "evidence_string": {
    "r": 0.6140104047998783,
    "p": 0.6191273638642059,
    "f": 0.6152801357334733
  },
  "promise_status": {
    "f": 0.8455963780861182
  },
  "verification_timeline": {
    "f": 0.8057261223871889
  },
  "evidence_status": {
    "f": 0.7966346845584727
  },
  "evidence_quality": {
    "f": 0.5573361684418607
  }
}