{
  "promise_string": {
    "r": 0.5033149171270718,
    "p": 0.5003683241252301,
    "f": 0.5006374815025524
  },
  "evidence_string": {
    "r": 0.5720689033189033,
    "p": 0.5746572871572871,
    "f": 0.5720709815132928
  },
  "promise_status": {
    "f": 0.9450460829493088
  },
  "verification_timeline": {
    "f": 0.7771978173592564
  },
  "evidence_status": {
    "f": 0.8020573227131502
  },
  "evidence_quality": {
    "f": 0.607013159019055
  }
}