{
  "promise_string": {
    "r": 0.5788270110304008,
    "p": 0.5809792843691148,
    "f": 0.5794726900421843
  },
  "evidence_string": {
    "r": 0.6427678013043867,
    "p": 0.6411347460127949,
    "f": 0.6410971755626267
  },
  "promise_status": {
    "f": 0.8974374941909099
  },
  "verification_timeline": {
    "f": 0.7875509137082304
  },
  "evidence_status": {
    "f": 0.8236071590581056
  },
  "evidence_quality": {
    "f": 0.685328119103976
  }
}