{
  "promise_string": {
    "r": 0.3784090909090909,
    "p": 0.38125,
    "f": 0.37941176271128885
  },
  "evidence_string": {
    "r": 0.504250208855472,
    "p": 0.5101364522417154,
    "f": 0.5063956998790088
  },
  "promise_status": {
    "f": 0.855419982316534
  },
  "verification_timeline": {
    "f": 0.7280311264822135
  },
  "evidence_status": {
    "f": 0.7504145827849433
  },
  "evidence_quality": {
    "f": 0.6251993620414672
  }
}