{
  "promise_string": {
    "r": 0.40613931523022434,
    "p": 0.4090909090909091,
    "f": 0.4071810521026378
  },
  "evidence_string": {
    "r": 0.4943783068783069,
    "p": 0.5077160493827161,
    "f": 0.49843304569285546
  },
  "promise_status": {
    "f": 0.8670833333333333
  },
  "verification_timeline": {
    "f": 0.708845576192515
  },
  "evidence_status": {
    "f": 0.6765734265734266
  },
  "evidence_quality": {
    "f": 0.5827405149051491
  }
}