{
  "promise_string": {
    "r": 0.35542168674698793,
    "p": 0.35542168674698793,
    "f": 0.35542168493975895
  },
  "evidence_string": {
    "r": 0.4388341543513958,
    "p": 0.44971264367816094,
    "f": 0.44213688371283355
  },
  "promise_status": {
    "f": 0.8964015151515151
  },
  "verification_timeline": {
    "f": 0.7203771608171817
  },
  "evidence_status": {
    "f": 0.7490875102784498
  },
  "evidence_quality": {
    "f": 0.5320758726953934
  }
}