{
  "promise_string": {
    "r": 0.3735632183908046,
    "p": 0.37471264367816093,
    "f": 0.3740856824769639
  },
  "evidence_string": {
    "r": 0.42044595616024194,
    "p": 0.42961073318216175,
    "f": 0.42312924934159724
  },
  "promise_status": {
    "f": 0.9615934627170583
  },
  "verification_timeline": {
    "f": 0.7430164954870836
  },
  "evidence_status": {
    "f": 0.6706976744186046
  },
  "evidence_quality": {
    "f": 0.5293433496823328
  }
}