{
  "promise_string": {
    "r": 0.3620689655172414,
    "p": 0.3632183908045977,
    "f": 0.36259142966087193
  },
  "evidence_string": {
    "r": 0.4280045351473923,
    "p": 0.43384353741496595,
    "f": 0.43000755620941034
  },
  "promise_status": {
    "f": 0.951050811386007
  },
  "verification_timeline": {
    "f": 0.740121426466254
  },
  "evidence_status": {
    "f": 0.7408391608391609
  },
  "evidence_quality": {
    "f": 0.5301891901039023
  }
}