{
  "promise_string": {
    "r": 0.35795454545454547,
    "p": 0.3590909090909091,
    "f": 0.35847107250563476
  },
  "evidence_string": {
    "r": 0.445578231292517,
    "p": 0.4522297808012093,
    "f": 0.44799697412299055
  },
  "promise_status": {
    "f": 0.96
  },
  "verification_timeline": {
    "f": 0.7270068754774637
  },
  "evidence_status": {
    "f": 0.7439655172413793
  },
  "evidence_quality": {
    "f": 0.5852614818132059
  }
}