{
  "promise_string": {
    "r": 0.425,
    "p": 0.42874999999999996,
    "f": 0.42644230550813605
  },
  "evidence_string": {
    "r": 0.499239350912779,
    "p": 0.5070331966883691,
    "f": 0.5025737104761582
  },
  "promise_status": {
    "f": 0.86
  },
  "verification_timeline": {
    "f": 0.6751587301587303
  },
  "evidence_status": {
    "f": 0.752913752913753
  },
  "evidence_quality": {
    "f": 0.4364791288566244
  }
}