{
  "promise_string": {
    "r": 0.32758620689655177,
    "p": 0.32758620689655177,
    "f": 0.3275862051724137
  },
  "evidence_string": {
    "r": 0.3957085649393342,
    "p": 0.4059649751957445,
    "f": 0.3991151561390359
  },
  "promise_status": {
    "f": 0.9027965284474445
  },
  "verification_timeline": {
    "f": 0.6682266009852217
  },
  "evidence_status": {
    "f": 0.7919143876337694
  },
  "evidence_quality": {
    "f": 0.5324442327538302
  }
}