{
  "promise_string": {
    "r": 0.2732558139534884,
    "p": 0.2732558139534884,
    "f": 0.2732558124999999
  },
  "evidence_string": {
    "r": 0.3602853936187269,
    "p": 0.37245470578803913,
    "f": 0.3645055981026442
  },
  "promise_status": {
    "f": 0.8949938949938949
  },
  "verification_timeline": {
    "f": 0.7345764840438653
  },
  "evidence_status": {
    "f": 0.7739850869925436
  },
  "evidence_quality": {
    "f": 0.6354090354090354
  }
}