{
  "promise_string": {
    "r": 0.5607843137254902,
    "p": 0.5509803921568627,
    "f": 0.5545098011069285
  },
  "evidence_string": {
    "r": 0.4649122807017544,
    "p": 0.4649122807017544,
    "f": 0.4649122783333332
  },
  "promise_status": {
    "f": 0.8040760869565218
  },
  "verification_timeline": {
    "f": 0.7567030141186359
  },
  "evidence_status": {
    "f": 0.8878537195885101
  },
  "evidence_quality": {
    "f": 0.458775899023577
  }
}