{
  "promise_string": {
    "r": 1.0,
    "p": 1.0,
    "f": 0.9999999949999998
  },
  "evidence_string": {
    "r": 1.0,
    "p": 1.0,
    "f": 0.9999999949999998
  },
  "promise_status": {
    "f": 1.0
  },
  "verification_timeline": {
    "f": 1.0
  },
  "evidence_status": {
    "f": 1.0
  },
  "evidence_quality": {
    "f": 0.8249721293199553
  }
}