{
  "promise_string": {
    "r": 1.0,
    "p": 1.0,
    "f": 0.9999999949999997
  },
  "evidence_string": {
    "r": 1.0,
    "p": 1.0,
    "f": 0.9999999949999997
  },
  "promise_status": {
    "f": 1.0
  },
  "verification_timeline": {
    "f": 1.0
  },
  "evidence_status": {
    "f": 1.0
  },
  "evidence_quality": {
    "f": 0.5032051282051282
  }
}