{
    "promise_status": 0.2597458065852137,
    "verification_timeline": 0.30036188178528334,
    "evidence_status": 0.45202020202020166,
    "evidence_quality": 0.04561403508771968
}