{
  "promise_string": {
    "r": 0.5625,
    "p": 0.5625,
    "f": 0.5624999971874999
  },
  "evidence_string": {
    "r": 0.58125,
    "p": 0.58125,
    "f": 0.5812499968749999
  },
  "promise_status": {
    "f": 0.8366013071895425
  },
  "verification_timeline": {
    "f": 0.7520833333333334
  },
  "evidence_status": {
    "f": 1.0
  },
  "evidence_quality": {
    "f": 0.7636363636363637
  }
}