{
  "promise_string": {
    "r": 0.3333333333333333,
    "p": 0.3333333333333333,
    "f": 0.3333333316666666
  },
  "evidence_string": {
    "r": 0.4021978021978022,
    "p": 0.39807692307692305,
    "f": 0.3999999976940171
  },
  "promise_status": {
    "f": 0.8888888888888888
  },
  "verification_timeline": {
    "f": 0.8050793650793651
  },
  "evidence_status": {
    "f": 0.8047619047619048
  },
  "evidence_quality": {
    "f": 0.6346153846153846
  }
}