{
  "promise_string": {
    "r": 0.38461538461538464,
    "p": 0.38461538461538464,
    "f": 0.38461538269230766
  },
  "evidence_string": {
    "r": 0.25,
    "p": 0.25,
    "f": 0.24999999875
  },
  "promise_status": {
    "f": 0.9423868312757201
  },
  "verification_timeline": {
    "f": 0.5948717948717949
  },
  "evidence_status": {
    "f": 0.8861538461538461
  },
  "evidence_quality": {
    "f": 0.6296296296296297
  }
}