{
  "promise_string": {
    "r": 0.46875,
    "p": 0.46875,
    "f": 0.4687499974999999
  },
  "evidence_string": {
    "r": 0.48214285714285715,
    "p": 0.48214285714285715,
    "f": 0.48214285464285705
  },
  "promise_status": {
    "f": 1.0
  },
  "verification_timeline": {
    "f": 0.6714285714285714
  },
  "evidence_status": {
    "f": 0.8166666666666667
  },
  "evidence_quality": {
    "f": 0.5
  }
}