{
  "promise_string": {
    "r": 0.34782608695652173,
    "p": 0.34782608695652173,
    "f": 0.3478260852173912
  },
  "evidence_string": {
    "r": 0.3607142857142857,
    "p": 0.36933333333333335,
    "f": 0.3601864782310159
  },
  "promise_status": {
    "f": 0.818508973768983
  },
  "verification_timeline": {
    "f": 0.6768478738232993
  },
  "evidence_status": {
    "f": 0.6332967969796615
  },
  "evidence_quality": {
    "f": 0.4972238157322903
  }
}