{
  "promise_string": {
    "r": 0.37875000000000003,
    "p": 0.38,
    "f": 0.37931817981869825
  },
  "evidence_string": {
    "r": 0.4682405165456013,
    "p": 0.4821630347054076,
    "f": 0.473002418704687
  },
  "promise_status": {
    "f": 0.9041742286751361
  },
  "verification_timeline": {
    "f": 0.7092380952380952
  },
  "evidence_status": {
    "f": 0.705514705882353
  },
  "evidence_quality": {
    "f": 0.45907059042652265
  }
}