{
  "promise_string": {
    "r": 0.5490196078431372,
    "p": 0.5450980392156862,
    "f": 0.5466666639043142
  },
  "evidence_string": {
    "r": 0.5175438596491229,
    "p": 0.5175438596491229,
    "f": 0.5175438570175437
  },
  "promise_status": {
    "f": 0.843956043956044
  },
  "verification_timeline": {
    "f": 0.7266369993642721
  },
  "evidence_status": {
    "f": 0.8604653594771242
  },
  "evidence_quality": {
    "f": 0.5643274853801169
  }
}