{
  "promise_string": {
    "r": 0.4448210922787194,
    "p": 0.44161958568738224,
    "f": 0.4419962312426948
  },
  "evidence_string": {
    "r": 0.6118897306397307,
    "p": 0.6097953743787078,
    "f": 0.6086608575678041
  },
  "promise_status": {
    "f": 0.915099099099099
  },
  "verification_timeline": {
    "f": 0.7506066796984711
  },
  "evidence_status": {
    "f": 0.7345280035507226
  },
  "evidence_quality": {
    "f": 0.6268660399240013
  }
}