{
  "promise_string": {
    "r": 0.41150637323144057,
    "p": 0.4111410601976639,
    "f": 0.4105121272575469
  },
  "evidence_string": {
    "r": 0.5286198383114683,
    "p": 0.5389069080699038,
    "f": 0.5325686096104026
  },
  "promise_status": {
    "f": 0.911640625
  },
  "verification_timeline": {
    "f": 0.787988158719049
  },
  "evidence_status": {
    "f": 0.7065105264310673
  },
  "evidence_quality": {
    "f": 0.47053739691990065
  }
}