{
  "promise_string": {
    "r": 0.3404356060606061,
    "p": 0.3404356060606061,
    "f": 0.340435604248106
  },
  "evidence_string": {
    "r": 0.37863520408163265,
    "p": 0.39613803854875285,
    "f": 0.3843790377960013
  },
  "promise_status": {
    "f": 0.855419982316534
  },
  "verification_timeline": {
    "f": 0.7559080502118477
  },
  "evidence_status": {
    "f": 0.7735581482351508
  },
  "evidence_quality": {
    "f": 0.5424688093861026
  }
}