{
  "promise_string": {
    "r": 0.3264705882352941,
    "p": 0.3264705882352941,
    "f": 0.3264705865882352
  },
  "evidence_string": {
    "r": 0.4110781459919391,
    "p": 0.425,
    "f": 0.41591699146104033
  },
  "promise_status": {
    "f": 0.9005426975259379
  },
  "verification_timeline": {
    "f": 0.7895669806384091
  },
  "evidence_status": {
    "f": 0.7905994933858712
  },
  "evidence_quality": {
    "f": 0.4671857619577308
  }
}