{
  "promise_string": {
    "r": 0.33333333333333337,
    "p": 0.33445692883895134,
    "f": 0.3338440567658711
  },
  "evidence_string": {
    "r": 0.3853479853479854,
    "p": 0.3942124542124542,
    "f": 0.38912369474381003
  },
  "promise_status": {
    "f": 0.9692933992439663
  },
  "verification_timeline": {
    "f": 0.7571305099394987
  },
  "evidence_status": {
    "f": 0.8179573327458324
  },
  "evidence_quality": {
    "f": 0.45
  }
}