{
  "promise_string": {
    "r": 0.4074074074074074,
    "p": 0.4111111111111111,
    "f": 0.40883190673643066
  },
  "evidence_string": {
    "r": 0.48761609907120745,
    "p": 0.5,
    "f": 0.4912534933632628
  },
  "promise_status": {
    "f": 0.8677714285714285
  },
  "verification_timeline": {
    "f": 0.7214680431966768
  },
  "evidence_status": {
    "f": 0.7306452593808915
  },
  "evidence_quality": {
    "f": 0.30451127819548873
  }
}