{
  "promise_string": {
    "r": 0.23863636363636367,
    "p": 0.23863636363636367,
    "f": 0.23863636238636357
  },
  "evidence_string": {
    "r": 0.29627779627779627,
    "p": 0.30156880156880156,
    "f": 0.29846978244283245
  },
  "promise_status": {
    "f": 0.924397299903568
  },
  "verification_timeline": {
    "f": 0.7808687524596615
  },
  "evidence_status": {
    "f": 0.782051282051282
  },
  "evidence_quality": {
    "f": 0.5256410256410257
  }
}