{
  "promise_string": {
    "r": 0.47074074074074074,
    "p": 0.4703703703703703,
    "f": 0.46981481240408185
  },
  "evidence_string": {
    "r": 0.6031843862352336,
    "p": 0.5975817497003937,
    "f": 0.5974366080511092
  },
  "promise_status": {
    "f": 0.9406292406357468
  },
  "verification_timeline": {
    "f": 0.7415240202167197
  },
  "evidence_status": {
    "f": 0.7577967914438501
  },
  "evidence_quality": {
    "f": 0.6295782990158463
  }
}