{
  "promise_string": {
    "r": 0.49680141287284146,
    "p": 0.48640109890109895,
    "f": 0.4884004858724596
  },
  "evidence_string": {
    "r": 0.6619419398265552,
    "p": 0.6576329534662867,
    "f": 0.659040287231901
  },
  "promise_status": {
    "f": 0.9419200000000001
  },
  "verification_timeline": {
    "f": 0.791470886945128
  },
  "evidence_status": {
    "f": 0.7656772575250836
  },
  "evidence_quality": {
    "f": 0.6216119414291412
  }
}