{
  "promise_string": {
    "r": 0.5331779331779332,
    "p": 0.5247474747474747,
    "f": 0.5264375327897185
  },
  "evidence_string": {
    "r": 0.6780155450609996,
    "p": 0.6805913026367572,
    "f": 0.6777152861432906
  },
  "promise_status": {
    "f": 0.8648502199987945
  },
  "verification_timeline": {
    "f": 0.8246790742066332
  },
  "evidence_status": {
    "f": 0.7629233511586453
  },
  "evidence_quality": {
    "f": 0.6110476421973748
  }
}