{
  "promise_string": {
    "r": 0.5829166666666666,
    "p": 0.56625,
    "f": 0.571670872468512
  },
  "evidence_string": {
    "r": 0.6610834256183094,
    "p": 0.6520610311307986,
    "f": 0.6548079185001746
  },
  "promise_status": {
    "f": 0.9406292406357468
  },
  "verification_timeline": {
    "f": 0.7819913769097072
  },
  "evidence_status": {
    "f": 0.8374736842105264
  },
  "evidence_quality": {
    "f": 0.5714370978233271
  }
}