{
  "promise_string": {
    "r": 0.6078431372549019,
    "p": 0.6078431372549019,
    "f": 0.607843134196079
  },
  "evidence_string": {
    "r": 0.3929824561403509,
    "p": 0.3929824561403509,
    "f": 0.39298245412280697
  },
  "promise_status": {
    "f": 0.843956043956044
  },
  "verification_timeline": {
    "f": 0.7407843137254901
  },
  "evidence_status": {
    "f": 0.9269411764705882
  },
  "evidence_quality": {
    "f": 0.4212038717483364
  }
}