{
  "promise_string": {
    "r": 0.5431372549019607,
    "p": 0.5431372549019607,
    "f": 0.5431372521372554
  },
  "evidence_string": {
    "r": 0.5,
    "p": 0.5,
    "f": 0.4999999974561402
  },
  "promise_status": {
    "f": 0.843956043956044
  },
  "verification_timeline": {
    "f": 0.7347899159663865
  },
  "evidence_status": {
    "f": 0.8462948815889991
  },
  "evidence_quality": {
    "f": 0.5539145806010151
  }
}