{
  "promise_string": {
    "r": 0.5372549019607843,
    "p": 0.5333333333333333,
    "f": 0.5349019580807848
  },
  "evidence_string": {
    "r": 0.4375,
    "p": 0.4375,
    "f": 0.43749999776785703
  },
  "promise_status": {
    "f": 0.8249116039858566
  },
  "verification_timeline": {
    "f": 0.7578777176912042
  },
  "evidence_status": {
    "f": 0.8206773618538323
  },
  "evidence_quality": {
    "f": 0.4365196078431372
  }
}