{
  "promise_string": {
    "r": 0.3652336619204089,
    "p": 0.37248995983935745,
    "f": 0.36770611661596786
  },
  "evidence_string": {
    "r": 0.553438013136289,
    "p": 0.5616858237547894,
    "f": 0.556683306917414
  },
  "promise_status": {
    "f": 0.8656588355464758
  },
  "verification_timeline": {
    "f": 0.6885816952018601
  },
  "evidence_status": {
    "f": 0.7593452553492307
  },
  "evidence_quality": {
    "f": 0.6326765188834155
  }
}