{
  "promise_string": {
    "r": 0.3372093023255814,
    "p": 0.3372093023255814,
    "f": 0.3372093006395348
  },
  "evidence_string": {
    "r": 0.5290043290043289,
    "p": 0.5365277777777777,
    "f": 0.5289654031406984
  },
  "promise_status": {
    "f": 0.8951613841232916
  },
  "verification_timeline": {
    "f": 0.7072331992772629
  },
  "evidence_status": {
    "f": 0.7030812324929971
  },
  "evidence_quality": {
    "f": 0.5814029995162071
  }
}