{
  "promise_string": {
    "r": 0.3462962962962963,
    "p": 0.34740740740740744,
    "f": 0.34680134496847254
  },
  "evidence_string": {
    "r": 0.40934065934065933,
    "p": 0.4158791208791209,
    "f": 0.411648349428608
  },
  "promise_status": {
    "f": 0.9675988428158148
  },
  "verification_timeline": {
    "f": 0.7367558367558368
  },
  "evidence_status": {
    "f": 0.7185185185185186
  },
  "evidence_quality": {
    "f": 0.618659406396196
  }
}