{
  "promise_string": {
    "r": 0.4268292682926829,
    "p": 0.43048780487804883,
    "f": 0.42823639555671816
  },
  "evidence_string": {
    "r": 0.562460468058191,
    "p": 0.5698736747123844,
    "f": 0.5656381456885426
  },
  "promise_status": {
    "f": 0.8626234340456891
  },
  "verification_timeline": {
    "f": 0.7237481375168237
  },
  "evidence_status": {
    "f": 0.7919623677842129
  },
  "evidence_quality": {
    "f": 0.4972606246799795
  }
}