{
  "promise_string": {
    "r": 0.2921348314606742,
    "p": 0.2921348314606742,
    "f": 0.2921348299438201
  },
  "evidence_string": {
    "r": 0.4016783216783217,
    "p": 0.41193473193473196,
    "f": 0.4050849128011003
  },
  "promise_status": {
    "f": 0.9331521739130434
  },
  "verification_timeline": {
    "f": 0.7110361555929104
  },
  "evidence_status": {
    "f": 0.754752505314303
  },
  "evidence_quality": {
    "f": 0.5657740993184031
  }
}