{
  "promise_string": {
    "r": 0.2857142857142857,
    "p": 0.2857142857142857,
    "f": 0.28571428428571427
  },
  "evidence_string": {
    "r": 0.4444444444444444,
    "p": 0.39999999999999997,
    "f": 0.41666666421875
  },
  "promise_status": {
    "f": 0.8235294117647058
  },
  "verification_timeline": {
    "f": 0.6
  },
  "evidence_status": {
    "f": 1.0
  },
  "evidence_quality": {
    "f": 0.45714285714285713
  }
}