{
  "promise_string": {
    "r": 0.4662698412698412,
    "p": 0.4662698412698412,
    "f": 0.46626983888888907
  },
  "evidence_string": {
    "r": 0.4107142857142857,
    "p": 0.4107142857142857,
    "f": 0.4107142835714285
  },
  "promise_status": {
    "f": 0.8533333333333333
  },
  "verification_timeline": {
    "f": 0.738166553210801
  },
  "evidence_status": {
    "f": 0.8148148148148147
  },
  "evidence_quality": {
    "f": 0.6128018108651911
  }
}