{
  "promise_string": {
    "r": 0.25503663003663,
    "p": 0.25503663003663,
    "f": 0.25503662871794897
  },
  "evidence_string": {
    "r": 0.4202895375321846,
    "p": 0.42854377104377106,
    "f": 0.42192171156064245
  },
  "promise_status": {
    "f": 0.9282978723404256
  },
  "verification_timeline": {
    "f": 0.7270618752281686
  },
  "evidence_status": {
    "f": 0.594504997490072
  },
  "evidence_quality": {
    "f": 0.5998643331976665
  }
}