{
  "promise_string": {
    "r": 0.3026746226746227,
    "p": 0.2935626535626535,
    "f": 0.2954245138239226
  },
  "evidence_string": {
    "r": 0.5399725274725273,
    "p": 0.5405929038281979,
    "f": 0.5394897631527069
  },
  "promise_status": {
    "f": 0.9326232905097389
  },
  "verification_timeline": {
    "f": 0.7376419324654924
  },
  "evidence_status": {
    "f": 0.624428426476208
  },
  "evidence_quality": {
    "f": 0.5715753848517569
  }
}