{
  "promise_string": {
    "r": 0.3052369852369853,
    "p": 0.3052525252525253,
    "f": 0.3040417142356499
  },
  "evidence_string": {
    "r": 0.4698343685300207,
    "p": 0.47728778467908906,
    "f": 0.4723007884040194
  },
  "promise_status": {
    "f": 0.8332440883330077
  },
  "verification_timeline": {
    "f": 0.8028506191166037
  },
  "evidence_status": {
    "f": 0.5999396287166071
  },
  "evidence_quality": {
    "f": 0.48935199924280887
  }
}