{
  "promise_string": {
    "r": 0.2999089253187614,
    "p": 0.30154826958105646,
    "f": 0.30053944078679934
  },
  "evidence_string": {
    "r": 0.44856261022927685,
    "p": 0.44603334936668265,
    "f": 0.443839240393958
  },
  "promise_status": {
    "f": 0.9245887445887446
  },
  "verification_timeline": {
    "f": 0.7656092361327688
  },
  "evidence_status": {
    "f": 0.7002008313483723
  },
  "evidence_quality": {
    "f": 0.48448198358057104
  }
}