{
  "promise_string": {
    "r": 0.5157838416265382,
    "p": 0.5034644194756555,
    "f": 0.5063804146402583
  },
  "evidence_string": {
    "r": 0.5993353420772777,
    "p": 0.6046348812477844,
    "f": 0.6003018006041628
  },
  "promise_status": {
    "f": 0.8930980041703901
  },
  "verification_timeline": {
    "f": 0.7851700131962979
  },
  "evidence_status": {
    "f": 0.7804304423955393
  },
  "evidence_quality": {
    "f": 0.564804440899055
  }
}