{
  "promise_string": {
    "r": 0.33134920634920634,
    "p": 0.33134920634920634,
    "f": 0.3313492046230158
  },
  "evidence_string": {
    "r": 0.4446428571428571,
    "p": 0.4446428571428571,
    "f": 0.4446428549107142
  },
  "promise_status": {
    "f": 0.8363186972957254
  },
  "verification_timeline": {
    "f": 0.6636432350718064
  },
  "evidence_status": {
    "f": 0.7255508402202047
  },
  "evidence_quality": {
    "f": 0.5091889242832639
  }
}