{
  "promise_string": {
    "r": 0.3148148148148148,
    "p": 0.3148148148148148,
    "f": 0.3148148132098765
  },
  "evidence_string": {
    "r": 0.3471698113207547,
    "p": 0.3471698113207547,
    "f": 0.34716980952830184
  },
  "promise_status": {
    "f": 0.8588571428571429
  },
  "verification_timeline": {
    "f": 0.6457885622100508
  },
  "evidence_status": {
    "f": 0.7264267990074442
  },
  "evidence_quality": {
    "f": 0.5504567574489884
  }
}