{
  "promise_string": {
    "r": 0.5607843137254902,
    "p": 0.5607843137254902,
    "f": 0.5607843109019612
  },
  "evidence_string": {
    "r": 0.3821428571428571,
    "p": 0.3821428571428571,
    "f": 0.3821428551785714
  },
  "promise_status": {
    "f": 0.843956043956044
  },
  "verification_timeline": {
    "f": 0.7533910643436261
  },
  "evidence_status": {
    "f": 0.8896173345371207
  },
  "evidence_quality": {
    "f": 0.4365196078431372
  }
}