{
  "promise_string": {
    "r": 0.35527351436442345,
    "p": 0.3582251082251082,
    "f": 0.35631525149657717
  },
  "evidence_string": {
    "r": 0.35997304582210243,
    "p": 0.37437855645402823,
    "f": 0.36374398603627633
  },
  "promise_status": {
    "f": 0.844392156862745
  },
  "verification_timeline": {
    "f": 0.6988413204046627
  },
  "evidence_status": {
    "f": 0.7940241576605213
  },
  "evidence_quality": {
    "f": 0.4778411584028083
  }
}