{
  "promise_string": {
    "r": 0.3269230769230769,
    "p": 0.3269230769230769,
    "f": 0.3269230752564102
  },
  "evidence_string": {
    "r": 0.3884317197953561,
    "p": 0.40287878787878784,
    "f": 0.3938103500829339
  },
  "promise_status": {
    "f": 0.8676862745098038
  },
  "verification_timeline": {
    "f": 0.7415405850188459
  },
  "evidence_status": {
    "f": 0.7636141636141636
  },
  "evidence_quality": {
    "f": 0.4194503171247357
  }
}