{
  "promise_string": {
    "r": 0.31201550387596905,
    "p": 0.313953488372093,
    "f": 0.3127906959906976
  },
  "evidence_string": {
    "r": 0.3382464096749811,
    "p": 0.34958427815570675,
    "f": 0.3420140687066036
  },
  "promise_status": {
    "f": 0.952837140751658
  },
  "verification_timeline": {
    "f": 0.7384523274958837
  },
  "evidence_status": {
    "f": 0.7926609311902444
  },
  "evidence_quality": {
    "f": 0.45387395882445386
  }
}