{
  "promise_string": {
    "r": 0.24166666666666672,
    "p": 0.24166666666666672,
    "f": 0.24166666535714285
  },
  "evidence_string": {
    "r": 0.24687290111018925,
    "p": 0.2542175338785508,
    "f": 0.24996679251533246
  },
  "promise_status": {
    "f": 0.8923117850492152
  },
  "verification_timeline": {
    "f": 0.8391756764740634
  },
  "evidence_status": {
    "f": 0.7721340388007055
  },
  "evidence_quality": {
    "f": 0.5478513953090225
  }
}