{
  "promise_string": {
    "r": 0.5490196078431372,
    "p": 0.5392156862745098,
    "f": 0.5427450952833991
  },
  "evidence_string": {
    "r": 0.42727272727272725,
    "p": 0.42727272727272725,
    "f": 0.42727272509090897
  },
  "promise_status": {
    "f": 0.7810810810810811
  },
  "verification_timeline": {
    "f": 0.7999516504538025
  },
  "evidence_status": {
    "f": 0.8516875602700098
  },
  "evidence_quality": {
    "f": 0.4063424947145877
  }
}