{
  "promise_string": {
    "r": 0.38095238095238093,
    "p": 0.38095238095238093,
    "f": 0.3809523789880952
  },
  "evidence_string": {
    "r": 0.5,
    "p": 0.515,
    "f": 0.5057692280325442
  },
  "promise_status": {
    "f": 0.9614035087719298
  },
  "verification_timeline": {
    "f": 0.8485714285714286
  },
  "evidence_status": {
    "f": 0.7354037267080745
  },
  "evidence_quality": {
    "f": 0.5764705882352941
  }
}