{
  "promise_string": {
    "r": 0.5156862745098039,
    "p": 0.5156862745098039,
    "f": 0.5156862718627454
  },
  "evidence_string": {
    "r": 0.39035087719298245,
    "p": 0.39181286549707606,
    "f": 0.39097744159326875
  },
  "promise_status": {
    "f": 0.8040760869565218
  },
  "verification_timeline": {
    "f": 0.658715925394548
  },
  "evidence_status": {
    "f": 0.7169056677397326
  },
  "evidence_quality": {
    "f": 0.561684961065766
  }
}