{
  "promise_string": {
    "r": 0.5666666666666667,
    "p": 0.5666666666666667,
    "f": 0.5666666637843143
  },
  "evidence_string": {
    "r": 0.42727272727272725,
    "p": 0.42727272727272725,
    "f": 0.42727272509090897
  },
  "promise_status": {
    "f": 0.843956043956044
  },
  "verification_timeline": {
    "f": 0.7475907815566258
  },
  "evidence_status": {
    "f": 0.8782352941176471
  },
  "evidence_quality": {
    "f": 0.4846659364731654
  }
}