{
  "promise_string": {
    "r": 0.25,
    "p": 0.25,
    "f": 0.2499999986363636
  },
  "evidence_string": {
    "r": 0.5555555555555556,
    "p": 0.5555555555555556,
    "f": 0.5555555527777777
  },
  "promise_status": {
    "f": 1.0
  },
  "verification_timeline": {
    "f": 0.7174242424242423
  },
  "evidence_status": {
    "f": 0.7363636363636363
  },
  "evidence_quality": {
    "f": 0.6689814814814814
  }
}