{
  "promise_string": {
    "r": 0.4166666666666667,
    "p": 0.4166666666666667,
    "f": 0.41666666458333323
  },
  "evidence_string": {
    "r": 0.6268907563025211,
    "p": 0.6268907563025211,
    "f": 0.6268907530672267
  },
  "promise_status": {
    "f": 0.955520669806384
  },
  "verification_timeline": {
    "f": 0.5966235632183908
  },
  "evidence_status": {
    "f": 0.7471509971509972
  },
  "evidence_quality": {
    "f": 0.6184012066365008
  }
}