{
  "promise_string": {
    "r": 0.4166666666666667,
    "p": 0.4166666666666667,
    "f": 0.41666666458333323
  },
  "evidence_string": {
    "r": 0.4306837280366692,
    "p": 0.46990384615384617,
    "f": 0.4473976580894215
  },
  "promise_status": {
    "f": 1.0
  },
  "verification_timeline": {
    "f": 0.6212081128747795
  },
  "evidence_status": {
    "f": 0.8418604651162792
  },
  "evidence_quality": {
    "f": 0.6
  }
}