{
  "promise_string": {
    "r": 0.43478260869565216,
    "p": 0.43478260869565216,
    "f": 0.434782606521739
  },
  "evidence_string": {
    "r": 0.5,
    "p": 0.5,
    "f": 0.49999999736842093
  },
  "promise_status": {
    "f": 0.95810147299509
  },
  "verification_timeline": {
    "f": 0.6272141706924316
  },
  "evidence_status": {
    "f": 0.8004434589800443
  },
  "evidence_quality": {
    "f": 0.5525506072874494
  }
}