{
  "promise_string": {
    "r": 0.2727272727272727,
    "p": 0.2727272727272727,
    "f": 0.27272727136363634
  },
  "evidence_string": {
    "r": 0.39814814814814814,
    "p": 0.39814814814814814,
    "f": 0.3981481459259259
  },
  "promise_status": {
    "f": 0.8108974358974359
  },
  "verification_timeline": {
    "f": 0.7488636363636364
  },
  "evidence_status": {
    "f": 0.8834586466165413
  },
  "evidence_quality": {
    "f": 0.7230822153422773
  }
}