{
  "promise_string": {
    "r": 0.32913595413595415,
    "p": 0.3322072072072072,
    "f": 0.3302199240572492
  },
  "evidence_string": {
    "r": 0.3356456043956044,
    "p": 0.3589285714285715,
    "f": 0.34323200474171733
  },
  "promise_status": {
    "f": 0.8326293408929837
  },
  "verification_timeline": {
    "f": 0.7005140805140806
  },
  "evidence_status": {
    "f": 0.7833017077798861
  },
  "evidence_quality": {
    "f": 0.49276018099547514
  }
}