{
  "promise_string": {
    "r": 0.38607594936708856,
    "p": 0.389873417721519,
    "f": 0.38753651209684653
  },
  "evidence_string": {
    "r": 0.4338235294117648,
    "p": 0.45089285714285715,
    "f": 0.4393115917304639
  },
  "promise_status": {
    "f": 0.852344251766217
  },
  "verification_timeline": {
    "f": 0.7011176857330704
  },
  "evidence_status": {
    "f": 0.7338433718180555
  },
  "evidence_quality": {
    "f": 0.31750871080139376
  }
}