{
  "promise_string": {
    "r": 0.5196078431372548,
    "p": 0.5137254901960784,
    "f": 0.5156862718692814
  },
  "evidence_string": {
    "r": 0.4982456140350877,
    "p": 0.4982456140350877,
    "f": 0.498245611491228
  },
  "promise_status": {
    "f": 0.7810810810810811
  },
  "verification_timeline": {
    "f": 0.7848497313737957
  },
  "evidence_status": {
    "f": 0.8015081245203697
  },
  "evidence_quality": {
    "f": 0.38317384370015956
  }
}