{
  "promise_string": {
    "r": 0.5372549019607843,
    "p": 0.5333333333333333,
    "f": 0.5349019580807848
  },
  "evidence_string": {
    "r": 0.4537037037037037,
    "p": 0.4537037037037037,
    "f": 0.45370370138888877
  },
  "promise_status": {
    "f": 0.8615004361733063
  },
  "verification_timeline": {
    "f": 0.7670927663122785
  },
  "evidence_status": {
    "f": 0.8538823529411766
  },
  "evidence_quality": {
    "f": 0.49846824555202074
  }
}