{
  "promise_string": {
    "r": 0.37000819000818996,
    "p": 0.36460278460278456,
    "f": 0.36640458451870095
  },
  "evidence_string": {
    "r": 0.4415687487116058,
    "p": 0.44500160333493666,
    "f": 0.4426856887998986
  },
  "promise_status": {
    "f": 0.9298729106230142
  },
  "verification_timeline": {
    "f": 0.8096997576297176
  },
  "evidence_status": {
    "f": 0.7532241624372644
  },
  "evidence_quality": {
    "f": 0.4442075337597726
  }
}