{
  "promise_string": {
    "r": 0.36488237639553434,
    "p": 0.3717105263157895,
    "f": 0.3669559908983551
  },
  "evidence_string": {
    "r": 0.4661352040816327,
    "p": 0.47899659863945576,
    "f": 0.4709379880055823
  },
  "promise_status": {
    "f": 0.8698228206945429
  },
  "verification_timeline": {
    "f": 0.6602615958828655
  },
  "evidence_status": {
    "f": 0.7677579776212184
  },
  "evidence_quality": {
    "f": 0.4923984745413317
  }
}