{
  "promise_string": {
    "r": 0.4166666666666667,
    "p": 0.4166666666666667,
    "f": 0.41666666458333323
  },
  "evidence_string": {
    "r": 0.3876336248785228,
    "p": 0.38639455782312926,
    "f": 0.384187239211603
  },
  "promise_status": {
    "f": 0.831832200298458
  },
  "verification_timeline": {
    "f": 0.6863876175947115
  },
  "evidence_status": {
    "f": 0.6392156862745098
  },
  "evidence_quality": {
    "f": 0.47170673937591234
  }
}