{
  "promise_string": {
    "r": 0.3800813008130081,
    "p": 0.38170731707317074,
    "f": 0.3808203971013907
  },
  "evidence_string": {
    "r": 0.5173809523809524,
    "p": 0.5306746031746032,
    "f": 0.5214224636147937
  },
  "promise_status": {
    "f": 0.9198458574181118
  },
  "verification_timeline": {
    "f": 0.7537360371763453
  },
  "evidence_status": {
    "f": 0.6553778118724759
  },
  "evidence_quality": {
    "f": 0.521505376344086
  }
}