{
  "promise_string": {
    "r": 0.4407894736842105,
    "p": 0.4447368421052631,
    "f": 0.4423076900085643
  },
  "evidence_string": {
    "r": 0.4633620689655173,
    "p": 0.46839080459770116,
    "f": 0.46543513707827805
  },
  "promise_status": {
    "f": 0.8298823529411766
  },
  "verification_timeline": {
    "f": 0.693471450365043
  },
  "evidence_status": {
    "f": 0.6606441476826393
  },
  "evidence_quality": {
    "f": 0.3921602595831271
  }
}