{
  "promise_string": {
    "r": 0.285140562248996,
    "p": 0.28313253012048195,
    "f": 0.2838018726639892
  },
  "evidence_string": {
    "r": 0.224105461393597,
    "p": 0.22693032015065914,
    "f": 0.22523540371337095
  },
  "promise_status": {
    "f": 0.8962417096536478
  },
  "verification_timeline": {
    "f": 0.6701472556894243
  },
  "evidence_status": {
    "f": 0.7110179849834118
  },
  "evidence_quality": {
    "f": 0.553046510787467
  }
}