{
  "promise_string": {
    "r": 0.15142276422764228,
    "p": 0.15142276422764228,
    "f": 0.1514227634349593
  },
  "evidence_string": {
    "r": 0.20006830601092898,
    "p": 0.21194379391100704,
    "f": 0.20354011668456856
  },
  "promise_status": {
    "f": 0.8577057234094816
  },
  "verification_timeline": {
    "f": 0.7261103277884362
  },
  "evidence_status": {
    "f": 0.6839470558289495
  },
  "evidence_quality": {
    "f": 0.45801271328203413
  }
}