{
  "promise_string": {
    "r": 0.18106312292358803,
    "p": 0.18372093023255814,
    "f": 0.18217054164890178
  },
  "evidence_string": {
    "r": 0.26195976154992545,
    "p": 0.2665300546448087,
    "f": 0.2628351788137401
  },
  "promise_status": {
    "f": 0.87997557997558
  },
  "verification_timeline": {
    "f": 0.7642414075825199
  },
  "evidence_status": {
    "f": 0.6632290513104466
  },
  "evidence_quality": {
    "f": 0.4380598276153456
  }
}