{
  "promise_string": {
    "r": 0.14981273408239698,
    "p": 0.15168539325842698,
    "f": 0.15056179685617974
  },
  "evidence_string": {
    "r": 0.2421875,
    "p": 0.24985119047619045,
    "f": 0.2454784784514566
  },
  "promise_status": {
    "f": 0.9459980713596914
  },
  "verification_timeline": {
    "f": 0.7396836115980344
  },
  "evidence_status": {
    "f": 0.6271664467997998
  },
  "evidence_quality": {
    "f": 0.46146844660194175
  }
}