{
  "promise_string": {
    "r": 0.17695473251028804,
    "p": 0.18065843621399177,
    "f": 0.17837923295042246
  },
  "evidence_string": {
    "r": 0.26348039215686275,
    "p": 0.2795698924731183,
    "f": 0.26898720576656615
  },
  "promise_status": {
    "f": 0.8414885777450257
  },
  "verification_timeline": {
    "f": 0.7034898146009257
  },
  "evidence_status": {
    "f": 0.6600725221595487
  },
  "evidence_quality": {
    "f": 0.30143369175627244
  }
}