{
  "promise_string": {
    "r": 0.1379310344827586,
    "p": 0.1379310344827586,
    "f": 0.1379310336781609
  },
  "evidence_string": {
    "r": 0.2631762334887335,
    "p": 0.2725512334887335,
    "f": 0.26689647003107375
  },
  "promise_status": {
    "f": 0.888586956521739
  },
  "verification_timeline": {
    "f": 0.7202801285559907
  },
  "evidence_status": {
    "f": 0.6669036772467087
  },
  "evidence_quality": {
    "f": 0.500297619047619
  }
}