{
  "promise_string": {
    "r": 0.5137254901960784,
    "p": 0.5098039215686274,
    "f": 0.5113725464337259
  },
  "evidence_string": {
    "r": 0.3821428571428571,
    "p": 0.3821428571428571,
    "f": 0.3821428551785714
  },
  "promise_status": {
    "f": 0.843956043956044
  },
  "verification_timeline": {
    "f": 0.7568733939856934
  },
  "evidence_status": {
    "f": 0.8058855844113877
  },
  "evidence_quality": {
    "f": 0.5041705282669138
  }
}