{
  "promise_string": {
    "r": 0.584313725490196,
    "p": 0.5784313725490196,
    "f": 0.5803921539281051
  },
  "evidence_string": {
    "r": 0.4636363636363636,
    "p": 0.4636363636363636,
    "f": 0.4636363612727271
  },
  "promise_status": {
    "f": 0.8615004361733063
  },
  "verification_timeline": {
    "f": 0.7492542316071727
  },
  "evidence_status": {
    "f": 0.891151754819575
  },
  "evidence_quality": {
    "f": 0.5924832416961664
  }
}