{
  "promise_string": {
    "r": 0.5137254901960784,
    "p": 0.49803921568627446,
    "f": 0.5035294091918957
  },
  "evidence_string": {
    "r": 0.4166666666666667,
    "p": 0.4166666666666667,
    "f": 0.41666666453703693
  },
  "promise_status": {
    "f": 0.8249116039858566
  },
  "verification_timeline": {
    "f": 0.7784173046205133
  },
  "evidence_status": {
    "f": 0.8405583721091743
  },
  "evidence_quality": {
    "f": 0.41873638344226577
  }
}