{
  "promise_string": {
    "r": 0.2018072289156627,
    "p": 0.20381526104417672,
    "f": 0.2026104406851405
  },
  "evidence_string": {
    "r": 0.3629195940671351,
    "p": 0.36307572209211564,
    "f": 0.3623544227018199
  },
  "promise_status": {
    "f": 0.8656588355464758
  },
  "verification_timeline": {
    "f": 0.6580959723941925
  },
  "evidence_status": {
    "f": 0.675603823745687
  },
  "evidence_quality": {
    "f": 0.46885245901639344
  }
}