{
  "promise_string": {
    "r": 0.1744186046511628,
    "p": 0.1686046511627907,
    "f": 0.17054263473514208
  },
  "evidence_string": {
    "r": 0.3200198708395429,
    "p": 0.3280054644808743,
    "f": 0.32235898793682094
  },
  "promise_status": {
    "f": 0.8635872709739634
  },
  "verification_timeline": {
    "f": 0.6861726895004715
  },
  "evidence_status": {
    "f": 0.6633566433566433
  },
  "evidence_quality": {
    "f": 0.5368852459016393
  }
}