{
  "promise_string": {
    "r": 0.13295880149812736,
    "p": 0.1348314606741573,
    "f": 0.13370786438426963
  },
  "evidence_string": {
    "r": 0.29910714285714285,
    "p": 0.30714285714285716,
    "f": 0.30217490672129077
  },
  "promise_status": {
    "f": 0.9459980713596914
  },
  "verification_timeline": {
    "f": 0.6840242799948341
  },
  "evidence_status": {
    "f": 0.6511838127285705
  },
  "evidence_quality": {
    "f": 0.6137152777777778
  }
}