{
  "promise_string": {
    "r": 0.2242063492063492,
    "p": 0.22777777777777777,
    "f": 0.22557997433314547
  },
  "evidence_string": {
    "r": 0.3565203859321506,
    "p": 0.36772486772486773,
    "f": 0.35981136211702613
  },
  "promise_status": {
    "f": 0.8485664437336434
  },
  "verification_timeline": {
    "f": 0.6654963718079582
  },
  "evidence_status": {
    "f": 0.6428571428571429
  },
  "evidence_quality": {
    "f": 0.42113710349004463
  }
}