{
  "promise_string": {
    "r": 0.14583333333333331,
    "p": 0.14583333333333331,
    "f": 0.14583333253787875
  },
  "evidence_string": {
    "r": 0.26049488972565893,
    "p": 0.2661359153666846,
    "f": 0.26159378930036065
  },
  "promise_status": {
    "f": 0.9108695652173914
  },
  "verification_timeline": {
    "f": 0.5926454411304387
  },
  "evidence_status": {
    "f": 0.7218889114862269
  },
  "evidence_quality": {
    "f": 0.5655040611562351
  }
}