{
  "promise_string": {
    "r": 0.5490196078431372,
    "p": 0.5490196078431372,
    "f": 0.5490196050784318
  },
  "evidence_string": {
    "r": 0.2894736842105263,
    "p": 0.2923976608187135,
    "f": 0.2907268155531686
  },
  "promise_status": {
    "f": 0.8040760869565218
  },
  "verification_timeline": {
    "f": 0.7574941557724916
  },
  "evidence_status": {
    "f": 0.8317675064898693
  },
  "evidence_quality": {
    "f": 0.4970760233918128
  }
}