{
  "promise_string": {
    "r": 0.36904761904761907,
    "p": 0.3630952380952381,
    "f": 0.36507936324074064
  },
  "evidence_string": {
    "r": 0.5104923325262308,
    "p": 0.5127118644067797,
    "f": 0.5080893654954785
  },
  "promise_status": {
    "f": 0.9048931466470155
  },
  "verification_timeline": {
    "f": 0.6736181843308066
  },
  "evidence_status": {
    "f": 0.7324238128986535
  },
  "evidence_quality": {
    "f": 0.6062837129636731
  }
}