{
  "promise_string": {
    "r": 0.4146341463414634,
    "p": 0.41829268292682925,
    "f": 0.4160412736664742
  },
  "evidence_string": {
    "r": 0.5074734811957571,
    "p": 0.5148840230807444,
    "f": 0.5106438556166749
  },
  "promise_status": {
    "f": 0.8756818181818181
  },
  "verification_timeline": {
    "f": 0.7041088216224449
  },
  "evidence_status": {
    "f": 0.7754528250878616
  },
  "evidence_quality": {
    "f": 0.47970975544208555
  }
}