{
  "promise_string": {
    "r": 0.28505747126436787,
    "p": 0.28505747126436787,
    "f": 0.28505746977011487
  },
  "evidence_string": {
    "r": 0.3555234888568221,
    "p": 0.36769280102613433,
    "f": 0.3597436934201045
  },
  "promise_status": {
    "f": 0.915995115995116
  },
  "verification_timeline": {
    "f": 0.6698987287222582
  },
  "evidence_status": {
    "f": 0.7548850574712643
  },
  "evidence_quality": {
    "f": 0.5773122034201807
  }
}